Local Authority,"Cancer Screening Coverage: breast cancer 2023 (%) (Female, 53-70 yrs)","Breast Cancer Mortality Rate 2021-2023 (all ages) (female), directly standardised rate per 100,000"
Burnley,67.5,36.8
Hyndburn ,64.6,24.9
Pendle,62.6,25.2
Ribble Valley,78.9,12.3
Rossendale,70.4,29.1
West Lancashire,69.1,30.8
Lancaster,69.6,28.7
Preston,61.8,27.5
South Ribble,71.1,21
Fylde,70,26.2
Wyre,69.3,28
Chorley,68.4,25