Local Authority,Index of Multiple Deprivation (IMD) Score (2019),Cancer screening coverage: bowel cancer 2023 Proportion %
Burnley,37.8,70.1
Hyndburn ,34.3,68.6
Pendle,30.7,69.8
Ribble Valley,10.6,78.9
Rossendale,24.1,72.1
West Lancashire,18.6,72.2
Lancaster,24.2,73.8
Preston,29.5,68.1
South Ribble,15.3,75.3
Fylde,15.9,76.3
Wyre,20.9,75.1
Chorley,16.9,73.4